t (ms),a_x,a_y,a_z,g_x,g_y,g_z
400285,-4.231,1.599,-8.552,-0.191,-0.245,-0.074
400388,-4.949,1.705,-8.085,-0.257,-0.286,-0.12
400491,-5.344,2.002,-7.518,-0.199,-0.044,-0.07
400594,-4.911,1.858,-8.317,0.001,0.115,0.061
400697,-4.48,2.363,-8.507,0.059,0.108,0.042
400799,-4.508,2.078,-8.375,-0.006,0.005,-0.022
400902,-4.652,2.006,-8.222,-0.014,0.018,0
401005,-4.781,2.037,-8.241,-0.026,0.01,0.015
401108,-4.721,2.023,-8.341,-0.019,-0.006,-0.004
401211,-4.662,2.054,-8.265,-0.002,-0.022,-0.032
401314,-4.681,2.033,-8.226,-0.009,0.001,-0.002
401416,-4.638,2.105,-8.313,-0.001,-0.019,-0.013
401519,-4.764,2.081,-8.25,-0.011,-0.012,-0.033
401622,-4.748,2.059,-8.174,-0.019,0,-0.039
401725,-4.738,2.083,-8.229,-0.032,0.02,-0.037
401828,-4.755,2.088,-8.253,-0.041,0.03,-0.034
401931,-4.779,2.114,-8.183,-0.059,0.04,-0.049
402034,-4.855,2.145,-8.15,-0.053,0.03,-0.052
402136,-4.887,2.064,-8.131,-0.039,0.033,-0.038
402239,-4.86,2.107,-8.133,-0.027,0.025,-0.021
402342,-4.752,2.152,-8.205,-0.021,0.037,-0.021
402444,-4.681,2.179,-8.193,-0.027,0.045,-0.035
402546,-4.681,2.212,-8.222,-0.025,0.049,-0.034
402649,-4.626,2.188,-8.26,-0.036,0.029,-0.027
402752,-4.673,2.184,-8.246,-0.03,0.022,-0.019
402855,-4.657,2.205,-8.229,-0.031,0.03,-0.022
402958,-4.695,2.231,-8.212,-0.022,0.022,-0.022
403060,-4.657,2.203,-8.238,-0.003,0.027,-0.017
403163,-4.642,2.229,-8.258,-0.018,0.027,-0.021
403266,-4.623,2.227,-8.246,-0.019,0.015,-0.024
403369,-4.602,2.215,-8.267,-0.015,0.014,-0.017
403472,-4.594,2.248,-8.274,-0.017,0.019,-0.019
403575,-4.65,2.229,-8.195,-0.022,0.014,-0.025
403678,-4.599,2.248,-8.282,-0.021,0.018,-0.021
403781,-4.611,2.241,-8.282,-0.008,0.011,-0.032
403884,-4.602,2.27,-8.234,-0.014,0.012,-0.034
403986,-4.592,2.258,-8.265,-0.015,0.011,-0.027
404089,-4.594,2.241,-8.27,-0.019,0.014,-0.019
404192,-4.623,2.251,-8.27,-0.014,0.019,-0.025
404295,-4.606,2.27,-8.229,-0.031,0.021,-0.04
404397,-4.573,2.301,-8.255,-0.035,0.025,-0.035
404500,-4.585,2.303,-8.26,-0.042,0.021,-0.026
404603,-4.597,2.27,-8.26,-0.03,0.029,-0.021
404706,-4.606,2.282,-8.248,-0.014,0.009,-0.015
404809,-4.559,2.32,-8.26,-0.002,0.003,-0.01
404912,-4.566,2.332,-8.253,-0.006,0.013,-0.015
405015,-4.571,2.342,-8.248,-0.016,0.016,-0.017
405118,-4.578,2.342,-8.255,-0.024,0.018,-0.024
405221,-4.58,2.337,-8.26,-0.031,0.017,-0.025
405324,-4.573,2.337,-8.255,-0.028,0.014,-0.022
405427,-4.583,2.354,-8.236,-0.023,0.014,-0.021
405530,-4.571,2.365,-8.274,-0.019,0.015,-0.021
405633,-4.542,2.387,-8.262,-0.013,0.029,-0.016
405736,-4.537,2.361,-8.255,-0.01,0.015,-0.017
405839,-4.559,2.385,-8.265,-0.006,0.012,-0.021
405942,-4.551,2.365,-8.25,-0.009,0.016,-0.017
406045,-4.566,2.375,-8.236,-0.012,0.017,-0.017
406148,-4.542,2.37,-8.243,-0.011,0.01,-0.013
406250,-4.537,2.375,-8.253,-0.009,0.012,-0.013
406353,-4.549,2.387,-8.262,-0.006,0.015,-0.018
406456,-4.539,2.377,-8.267,-0.009,0.014,-0.019
406559,-4.544,2.37,-8.265,-0.016,0.016,-0.018
406662,-4.554,2.344,-8.222,-0.015,0.014,-0.019
406765,-4.523,2.375,-8.289,-0.009,0.02,-0.021
406868,-4.513,2.387,-8.274,-0.005,0.015,-0.017
406971,-4.542,2.349,-8.238,-0.013,0.009,-0.021
407074,-4.542,2.375,-8.277,-0.012,0.014,-0.019
407177,-4.527,2.349,-8.272,-0.014,0.012,-0.019
407280,-4.535,2.349,-8.262,-0.016,0.014,-0.019
407383,-4.53,2.404,-8.265,-0.012,0.008,-0.023
407486,-4.515,2.404,-8.289,-0.009,0.014,-0.018
407589,-4.506,2.387,-8.277,-0.013,0.015,-0.017
407692,-4.547,2.37,-8.224,-0.01,0.021,-0.015
407795,-4.501,2.401,-8.26,-0.01,0.014,-0.018
407898,-4.518,2.404,-8.265,-0.013,0.014,-0.017
408001,-4.523,2.397,-8.243,-0.014,0.013,-0.015
408103,-4.52,2.387,-8.274,-0.012,0.008,-0.017
408206,-4.527,2.399,-8.272,-0.01,0.01,-0.018
408308,-4.527,2.399,-8.265,-0.011,0.011,-0.018
408411,-4.523,2.392,-8.255,-0.013,0.011,-0.018
408513,-4.535,2.397,-8.253,-0.014,0.011,-0.021
408616,-4.537,2.404,-8.246,-0.01,0.01,-0.018
408719,-4.544,2.435,-8.241,-0.009,0.026,-0.013
408822,-4.499,2.397,-8.305,-0.01,0.015,-0.019
408925,-4.53,2.385,-8.262,-0.011,0.013,-0.019
409028,-4.532,2.406,-8.25,-0.012,0.013,-0.019
409130,-4.537,2.401,-8.262,-0.01,0.009,-0.018
409233,-4.539,2.382,-8.246,-0.011,0.011,-0.02
409335,-4.527,2.392,-8.26,-0.013,0.013,-0.02
409437,-4.525,2.409,-8.248,-0.011,0.011,-0.018
409540,-4.539,2.416,-8.258,-0.011,0.012,-0.018
409643,-4.535,2.385,-8.253,-0.011,0.015,-0.02
409745,-4.544,2.399,-8.26,-0.011,0.013,-0.019
409848,-4.503,2.385,-8.296,-0.007,0.023,-0.019
409950,-4.532,2.387,-8.248,-0.007,0.01,-0.016
410053,-4.508,2.397,-8.26,-0.009,0.011,-0.021
410156,-4.544,2.392,-8.267,-0.012,0.013,-0.022
410259,-4.501,2.385,-8.279,-0.014,0.012,-0.017
410362,-4.513,2.382,-8.262,-0.013,0.011,-0.021
410465,-4.52,2.397,-8.262,-0.014,0.012,-0.022
410567,-4.539,2.389,-8.255,-0.013,0.01,-0.02
410670,-4.515,2.409,-8.26,-0.011,0.011,-0.016
410772,-4.523,2.375,-8.274,-0.013,0.015,-0.015
410875,-4.496,2.401,-8.305,-0.01,0.026,-0.02
410977,-4.525,2.399,-8.258,-0.012,0.009,-0.02
411080,-4.511,2.385,-8.279,-0.011,0.014,-0.018
411182,-4.542,2.38,-8.26,-0.012,0.013,-0.022
411285,-4.501,2.423,-8.243,-0.008,0.013,-0.019
411388,-4.492,2.397,-8.291,-0.015,0.014,-0.023
411491,-4.494,2.392,-8.27,-0.016,0.013,-0.022
411593,-4.518,2.401,-8.26,-0.01,0.011,-0.02
411696,-4.499,2.394,-8.274,-0.008,0.01,-0.015
411798,-4.499,2.411,-8.267,-0.011,0.015,-0.017
411901,-4.508,2.409,-8.284,-0.012,0.016,-0.018
412003,-4.489,2.399,-8.294,-0.012,0.023,-0.022
412106,-4.515,2.392,-8.267,-0.014,0.016,-0.017
412209,-4.477,2.416,-8.277,-0.007,0.01,-0.017
412312,-4.518,2.394,-8.284,-0.012,0.012,-0.022
412415,-4.48,2.404,-8.282,-0.017,0.013,-0.02
412518,-4.496,2.385,-8.274,-0.014,0.012,-0.021
412620,-4.496,2.401,-8.286,-0.008,0.011,-0.02
412723,-4.503,2.43,-8.267,-0.007,0.01,-0.02
412825,-4.496,2.404,-8.284,-0.013,0.012,-0.02
412928,-4.503,2.38,-8.274,-0.015,0.013,-0.02
413030,-4.508,2.418,-8.294,-0.011,0.012,-0.019
413133,-4.465,2.421,-8.315,-0.006,0.021,-0.015
413236,-4.496,2.389,-8.26,-0.011,0.014,-0.02
413339,-4.484,2.389,-8.291,-0.011,0.012,-0.018
413442,-4.503,2.385,-8.286,-0.013,0.013,-0.022
413545,-4.468,2.409,-8.274,-0.013,0.01,-0.02
413648,-4.496,2.397,-8.26,-0.014,0.009,-0.019
413751,-4.482,2.409,-8.277,-0.013,0.011,-0.02
413854,-4.489,2.409,-8.282,-0.012,0.011,-0.019
413957,-4.472,2.401,-8.279,-0.011,0.012,-0.018
414060,-4.489,2.418,-8.282,-0.013,0.012,-0.019
414163,-4.503,2.43,-8.234,-0.009,0.021,-0.014
414266,-4.463,2.418,-8.284,-0.01,0.014,-0.018
414369,-4.475,2.416,-8.272,-0.012,0.014,-0.019
414471,-4.501,2.397,-8.272,-0.014,0.014,-0.018
414574,-4.484,2.406,-8.282,-0.013,0.01,-0.018
414677,-4.472,2.401,-8.284,-0.01,0.01,-0.018
414780,-4.475,2.413,-8.284,-0.01,0.013,-0.018
414883,-4.489,2.421,-8.284,-0.011,0.011,-0.02
414986,-4.484,2.437,-8.274,-0.013,0.014,-0.02
415089,-4.48,2.404,-8.279,-0.012,0.012,-0.019
415192,-4.482,2.413,-8.294,-0.01,0.015,-0.018
415294,-4.46,2.423,-8.322,-0.011,0.029,-0.015
415397,-4.489,2.421,-8.267,-0.011,0.009,-0.02
415499,-4.472,2.416,-8.282,-0.011,0.013,-0.019
415602,-4.484,2.423,-8.286,-0.013,0.016,-0.018
415704,-4.472,2.425,-8.279,-0.01,0.009,-0.018
415807,-4.472,2.413,-8.296,-0.009,0.012,-0.017
415910,-4.496,2.416,-8.282,-0.012,0.012,-0.02
416013,-4.496,2.423,-8.27,-0.011,0.011,-0.019
416115,-4.477,2.406,-8.291,-0.01,0.012,-0.019
416218,-4.484,2.416,-8.284,-0.009,0.012,-0.018
416321,-4.477,2.416,-8.286,-0.01,0.015,-0.018
416424,-4.456,2.418,-8.32,-0.013,0.03,-0.017
416526,-4.475,2.401,-8.27,-0.011,0.01,-0.019
416629,-4.482,2.411,-8.272,-0.011,0.012,-0.022
416732,-4.499,2.416,-8.298,-0.013,0.015,-0.019
416835,-4.468,2.413,-8.282,-0.013,0.014,-0.019
416938,-4.46,2.411,-8.289,-0.013,0.012,-0.019
417041,-4.46,2.411,-8.296,-0.011,0.01,-0.019
417143,-4.484,2.423,-8.282,-0.011,0.012,-0.019
417246,-4.47,2.418,-8.296,-0.01,0.013,-0.018
417349,-4.456,2.409,-8.298,-0.013,0.017,-0.018
417452,-4.487,2.404,-8.248,-0.007,0.015,-0.017
417554,-4.432,2.43,-8.303,-0.008,0.016,-0.017
417657,-4.468,2.418,-8.296,-0.012,0.015,-0.02
417759,-4.472,2.413,-8.274,-0.014,0.007,-0.021
417862,-4.468,2.418,-8.291,-0.012,0.01,-0.02
417965,-4.448,2.425,-8.303,-0.011,0.008,-0.019
418068,-4.475,2.416,-8.286,-0.012,0.011,-0.019
418171,-4.487,2.421,-8.277,-0.011,0.009,-0.019
418274,-4.472,2.418,-8.284,-0.011,0.009,-0.018
418376,-4.463,2.425,-8.277,-0.012,0.011,-0.018
418479,-4.487,2.411,-8.294,-0.011,0.013,-0.019
418582,-4.465,2.428,-8.317,-0.01,0.025,-0.019
418685,-4.47,2.442,-8.267,-0.01,0.009,-0.019
418788,-4.458,2.425,-8.301,-0.012,0.014,-0.018
418891,-4.465,2.433,-8.313,-0.013,0.015,-0.021
418994,-4.46,2.44,-8.274,-0.009,0.007,-0.018
419097,-4.463,2.435,-8.303,-0.009,0.011,-0.018
419200,-4.451,2.425,-8.308,-0.01,0.013,-0.018
419303,-4.496,2.423,-8.286,-0.013,0.013,-0.021
419405,-4.47,2.416,-8.27,-0.012,0.013,-0.02
419508,-4.463,2.433,-8.286,-0.009,0.013,-0.02
419611,-4.472,2.423,-8.25,-0.007,0.02,-0.018
419714,-4.463,2.399,-8.284,-0.01,0.018,-0.021
419816,-4.458,2.406,-8.284,-0.012,0.013,-0.02
419919,-4.465,2.418,-8.26,-0.011,0.009,-0.018
420021,-4.472,2.425,-8.284,-0.012,0.011,-0.018
420124,-4.446,2.421,-8.282,-0.011,0.01,-0.018
420227,-4.448,2.425,-8.296,-0.011,0.014,-0.018
420330,-4.463,2.43,-8.296,-0.01,0.011,-0.019
420432,-4.468,2.409,-8.279,-0.012,0.014,-0.019
420535,-4.465,2.423,-8.27,-0.012,0.016,-0.018
420637,-4.465,2.428,-8.298,-0.012,0.012,-0.018
420740,-4.441,2.413,-8.337,-0.008,0.019,-0.019
420843,-4.453,2.421,-8.286,-0.014,0.013,-0.019
420946,-4.465,2.435,-8.272,-0.016,0.006,-0.017
421049,-4.465,2.411,-8.315,-0.011,0.012,-0.021
421152,-4.463,2.43,-8.284,-0.008,0.013,-0.019
421255,-4.477,2.435,-8.294,-0.009,0.013,-0.019
421358,-4.468,2.43,-8.296,-0.013,0.011,-0.021
421461,-4.468,2.421,-8.296,-0.013,0.012,-0.02
421564,-4.463,2.425,-8.272,-0.011,0.011,-0.019
421667,-4.458,2.437,-8.301,-0.01,0.011,-0.018
421770,-4.484,2.421,-8.236,-0.006,0.017,-0.017
421873,-4.436,2.433,-8.305,-0.009,0.016,-0.019
421976,-4.465,2.425,-8.286,-0.012,0.014,-0.021
422079,-4.47,2.413,-8.282,-0.015,0.008,-0.019
422182,-4.47,2.421,-8.296,-0.01,0.013,-0.018
422284,-4.446,2.43,-8.298,-0.011,0.013,-0.02
422387,-4.448,2.416,-8.274,-0.011,0.013,-0.018
422490,-4.463,2.435,-8.294,-0.012,0.01,-0.019
422593,-4.456,2.43,-8.294,-0.011,0.01,-0.018
422696,-4.456,2.444,-8.291,-0.008,0.015,-0.017
422799,-4.429,2.423,-8.31,-0.01,0.017,-0.019
422902,-4.46,2.447,-8.27,-0.007,0.025,-0.015
423005,-4.424,2.421,-8.303,-0.008,0.013,-0.018
423108,-4.453,2.423,-8.284,-0.011,0.013,-0.02
423211,-4.453,2.435,-8.267,-0.011,0.015,-0.019
423314,-4.448,2.413,-8.298,-0.008,0.01,-0.017
423417,-4.441,2.399,-8.296,-0.007,0.009,-0.018
423520,-4.439,2.421,-8.294,-0.008,0.011,-0.019
423622,-4.456,2.423,-8.284,-0.01,0.012,-0.021
423725,-4.444,2.409,-8.286,-0.013,0.013,-0.02
423828,-4.448,2.409,-8.303,-0.012,0.014,-0.019
423931,-4.458,2.416,-8.305,-0.013,0.011,-0.019
424034,-4.41,2.421,-8.363,-0.007,0.021,-0.019
424137,-4.446,2.397,-8.274,-0.009,0.013,-0.018
424240,-4.42,2.409,-8.301,-0.011,0.012,-0.022
424343,-4.456,2.399,-8.313,-0.015,0.013,-0.02
424446,-4.436,2.401,-8.303,-0.014,0.01,-0.017
424549,-4.444,2.418,-8.282,-0.012,0.009,-0.017
424652,-4.446,2.425,-8.308,-0.013,0.009,-0.019
424754,-4.448,2.411,-8.313,-0.012,0.009,-0.018
424857,-4.436,2.423,-8.308,-0.014,0.012,-0.019
424959,-4.468,2.385,-8.265,-0.014,0.014,-0.022
425061,-4.427,2.416,-8.317,-0.007,0.016,-0.019
425164,-4.441,2.43,-8.31,-0.012,0.014,-0.02
425267,-4.434,2.411,-8.284,-0.012,0.007,-0.021
425369,-4.463,2.409,-8.291,-0.01,0.011,-0.018
425472,-4.424,2.418,-8.313,-0.012,0.011,-0.019
425575,-4.448,2.418,-8.286,-0.012,0.013,-0.021
425678,-4.456,2.428,-8.317,-0.012,0.012,-0.02
425780,-4.444,2.416,-8.31,-0.011,0.012,-0.019
425882,-4.453,2.406,-8.301,-0.013,0.011,-0.02
425984,-4.441,2.416,-8.303,-0.013,0.012,-0.019
426087,-4.422,2.421,-8.337,-0.014,0.023,-0.018
426190,-4.451,2.409,-8.262,-0.012,0.01,-0.021
426292,-4.415,2.425,-8.313,-0.012,0.013,-0.019
426394,-4.432,2.435,-8.337,-0.012,0.013,-0.02
426496,-4.439,2.43,-8.298,-0.011,0.01,-0.018
426599,-4.444,2.423,-8.298,-0.008,0.011,-0.018
426702,-4.451,2.423,-8.296,-0.008,0.013,-0.019
426804,-4.453,2.413,-8.308,-0.011,0.013,-0.019
426907,-4.451,2.406,-8.313,-0.008,0.011,-0.017
427009,-4.463,2.397,-8.31,0.005,0.012,-0.015
427111,-4.448,2.409,-8.31,-0.006,0.011,-0.014
427213,-4.405,2.389,-8.349,-0.002,0.018,-0.019
427316,-4.427,2.399,-8.303,-0.002,0.013,-0.02
427418,-4.42,2.387,-8.325,-0.01,0.012,-0.02
427520,-4.46,2.361,-8.317,-0.013,0.015,-0.019
427622,-4.422,2.387,-8.301,-0.01,0.011,-0.018
427724,-4.429,2.392,-8.303,-0.012,0.011,-0.016
427827,-4.432,2.394,-8.322,-0.015,0.015,-0.018
427929,-4.413,2.38,-8.313,-0.013,0.017,-0.015
428032,-4.434,2.38,-8.313,-0.013,0.016,-0.017
428135,-4.448,2.377,-8.294,-0.009,0.015,-0.019
428238,-4.401,2.385,-8.344,-0.011,0.016,-0.019
428341,-4.429,2.406,-8.32,-0.012,0.012,-0.019
428443,-4.432,2.389,-8.303,-0.014,0.006,-0.019
428545,-4.448,2.389,-8.32,-0.013,0.01,-0.019
428647,-4.413,2.389,-8.322,-0.013,0.01,-0.019
428750,-4.432,2.404,-8.296,-0.015,0.009,-0.02
428853,-4.453,2.413,-8.303,-0.015,0.009,-0.021
428956,-4.432,2.406,-8.303,-0.015,0.011,-0.02
429058,-4.446,2.404,-8.303,-0.014,0.012,-0.019
429161,-4.444,2.418,-8.308,-0.011,0.013,-0.017
429263,-4.417,2.428,-8.329,-0.013,0.025,-0.016
429366,-4.424,2.418,-8.305,-0.012,0.008,-0.021
429468,-4.429,2.423,-8.322,-0.011,0.012,-0.021
429571,-4.446,2.418,-8.32,-0.014,0.011,-0.018
429673,-4.427,2.425,-8.291,-0.011,0.008,-0.017
429776,-4.422,2.418,-8.298,-0.011,0.012,-0.019
429878,-4.42,2.416,-8.337,-0.011,0.014,-0.021
429981,-4.448,2.401,-8.313,-0.013,0.012,-0.021
430084,-4.439,2.394,-8.301,-0.015,0.014,-0.021
430187,-4.448,2.404,-8.298,-0.011,0.013,-0.018
430289,-4.444,2.409,-8.31,-0.01,0.013,-0.016
430392,-4.42,2.425,-8.339,-0.008,0.022,-0.016
430494,-4.432,2.421,-8.303,-0.009,0.012,-0.019
430597,-4.401,2.413,-8.337,-0.009,0.01,-0.021
430700,-4.432,2.406,-8.337,-0.009,0.01,-0.018
430803,-4.441,2.421,-8.282,-0.011,0.011,-0.02
430906,-4.432,2.413,-8.313,-0.012,0.013,-0.019
431009,-4.432,2.406,-8.325,-0.012,0.013,-0.023
431112,-4.429,2.413,-8.308,-0.011,0.013,-0.021
431215,-4.415,2.416,-8.327,-0.01,0.017,-0.017
431318,-4.439,2.401,-8.301,-0.012,0.015,-0.019
431421,-4.42,2.411,-8.344,-0.005,0.02,-0.013
431524,-4.401,2.447,-8.334,-0.007,0.014,-0.014
431627,-4.393,2.389,-8.327,-0.017,0.01,-0.021
431730,-4.441,2.38,-8.294,-0.018,0.013,-0.022
431833,-4.424,2.389,-8.313,-0.012,0.008,-0.018
431936,-4.424,2.413,-8.313,-0.011,0.01,-0.016
432039,-4.436,2.416,-8.322,-0.013,0.01,-0.019
432142,-4.42,2.411,-8.334,-0.012,0.012,-0.019
432245,-4.408,2.413,-8.349,-0.012,0.025,-0.017
432348,-4.427,2.421,-8.308,-0.01,0.008,-0.019
432451,-4.42,2.423,-8.32,-0.009,0.009,-0.019
432554,-4.432,2.409,-8.325,-0.012,0.01,-0.02
432657,-4.463,2.44,-8.294,-0.013,0.005,-0.016
432760,-4.389,2.404,-8.301,-0.015,0.011,-0.022
432863,-4.441,2.423,-8.329,-0.015,0.01,-0.021
432965,-4.432,2.413,-8.298,-0.015,0.01,-0.021
433068,-4.487,2.389,-8.27,-0.002,0.008,-0.017
433170,-4.396,2.413,-8.325,-0.002,0.013,-0.015
433273,-4.439,2.401,-8.329,-0.005,0.008,-0.016
433376,-4.429,2.401,-8.31,-0.013,0.007,-0.022
433479,-4.463,2.394,-8.31,-0.012,0.014,-0.019
433582,-4.439,2.394,-8.303,-0.017,0.014,-0.019
433685,-4.453,2.411,-8.303,-0.013,0.012,-0.021
433788,-4.468,2.413,-8.274,-0.007,0.007,-0.018
433891,-4.422,2.387,-8.296,-0.004,0.009,-0.017
433994,-4.436,2.425,-8.317,-0.003,0.024,-0.014
434097,-4.453,2.387,-8.296,-0.003,0.008,-0.016
434200,-4.422,2.392,-8.325,-0.002,0.014,-0.016
434303,-4.458,2.301,-8.313,0.01,0.011,-0.015
434405,-4.42,2.368,-8.351,0.019,0.004,-0.014
434508,-4.463,2.361,-8.301,-0.002,0.002,-0.025
434611,-4.434,2.33,-8.339,-0.007,0.005,-0.021
434714,-4.475,2.306,-8.325,0.006,0.002,-0.013
434817,-4.436,2.322,-8.361,0.008,0.018,-0.009
434920,-4.458,2.318,-8.327,0.007,0.002,-0.024
435023,-4.496,2.176,-8.329,0.019,-0.013,-0.012
435126,-4.48,2.227,-8.349,0.034,-0.004,-0.008
435228,-4.472,2.258,-8.327,0.022,0.001,-0.013
435331,-4.523,2.191,-8.317,-0.004,-0.001,-0.007
435434,-4.53,2.21,-8.332,-0.016,0.004,-0.02
435537,-4.535,2.181,-8.291,-0.01,0.013,-0.02
435639,-4.489,2.212,-8.351,-0.013,0.011,-0.02
435742,-4.559,2.193,-8.305,-0.014,0.013,-0.017
435845,-4.518,2.184,-8.303,-0.01,0.009,-0.016
435948,-4.525,2.212,-8.339,-0.005,0.006,-0.019
436051,-4.537,2.198,-8.317,-0.013,0.01,-0.021
436154,-4.542,2.207,-8.303,-0.02,0.007,-0.023
436256,-4.563,2.219,-8.289,-0.028,0.013,-0.036
436359,-4.537,2.167,-8.341,-0.009,0.006,-0.019
436461,-4.573,2.184,-8.279,0.002,0.014,-0.014
436564,-4.496,2.224,-8.349,-0.005,0.01,-0.018
436667,-4.573,2.239,-8.301,-0.01,0.01,-0.021
436770,-4.585,2.188,-8.272,-0.017,0.01,-0.02
436872,-4.542,2.198,-8.339,-0.008,0.009,-0.018
436975,-4.559,2.205,-8.27,-0.024,0.023,-0.03
437078,-4.539,2.167,-8.325,-0.021,0.019,-0.019
437180,-4.542,2.258,-8.294,-0.017,0.017,-0.021
437283,-4.549,2.188,-8.31,-0.012,0.018,-0.023
437385,-4.513,2.188,-8.332,-0.004,0.013,-0.013
437488,-4.537,2.248,-8.289,-0.01,0.03,-0.017
437590,-4.503,2.236,-8.325,-0.017,0.013,-0.02
437693,-4.523,2.21,-8.313,-0.012,-0.003,-0.02
437796,-4.561,2.205,-8.308,-0.011,0.029,-0.011
437899,-4.542,2.184,-8.341,0.034,-0.091,0.018
438001,-4.748,2.334,-8.284,-0.001,-0.137,0.014
438104,-4.678,2.337,-8.147,0.013,-0.043,-0.022
438207,-4.69,2.15,-8.226,0.051,-0.038,-0.054
438310,-4.817,2.052,-8.068,-0.008,-0.122,-0.032
438412,-4.932,1.966,-8.018,-0.055,-0.073,-0.033
438515,-4.808,2.251,-8.126,-0.067,0.054,-0.096
438617,-5.042,2.27,-8.076,0.022,-0.051,-0.079
438720,-5.183,2.148,-7.817,0.119,0.004,0.002
438823,-4.958,1.939,-8.102,0.091,0.099,-0.005
438926,-4.92,1.784,-8.076,-0.027,0.068,-0.022
439028,-4.951,1.911,-8.155,-0.002,0.129,-0.05
439131,-4.784,1.834,-8.198,0.102,0.206,-0.037
439233,-4.58,1.961,-8.44,0.043,0.092,0.003
439336,-4.489,1.81,-8.578,0.029,-0.023,-0.006
439439,-4.602,1.753,-8.229,-0.026,-0.055,0.024
439542,-4.592,1.774,-8.303,-0.03,-0.034,-0.028
439644,-4.628,2.083,-8.387,-0.009,0.084,-0.022
439747,-4.492,1.69,-8.277,-0.101,0.111,-0.039
439849,-4.7,1.798,-8.358,-0.143,0.09,-0.06
439952,-4.372,1.985,-8.552,-0.128,0.156,-0.004
440055,-4.345,2.155,-8.677,-0.047,0.052,0.002
440158,-4.168,2.145,-8.375,-0.005,0.04,-0.002
440261,-4.13,2.342,-8.418,-0.015,0.105,-0.029
440364,-4.18,2.222,-8.464,0.042,0.126,-0.027
440466,-4.068,2.052,-8.636,-0.079,0.093,0.049
440569,-4.056,2.231,-8.598,-0.034,0.063,0.072
440671,-4.094,2.2,-8.566,-0.036,0.043,0.047
440774,-3.924,2.279,-8.631,-0.043,0,-0.026
440877,-3.953,2.248,-8.581,-0.021,-0.015,-0.022
440980,-3.95,2.337,-8.586,-0.01,0.015,-0.005
441083,-3.972,2.37,-8.545,-0.013,0.008,-0.002
441186,-4.003,2.306,-8.519,-0.025,0.003,-0.005
441288,-3.979,2.344,-8.562,-0.02,0.005,-0.008
441391,-3.989,2.406,-8.516,-0.012,0.026,-0.01
441493,-3.953,2.382,-8.552,-0.015,0.015,-0.023
441596,-3.994,2.375,-8.543,-0.016,0.016,-0.025
441699,-3.991,2.325,-8.547,-0.022,0.01,-0.021
441801,-3.994,2.358,-8.523,-0.015,0.005,-0.02
441903,-3.996,2.339,-8.531,-0.014,0.006,-0.016
442006,-3.984,2.399,-8.543,-0.016,0.006,-0.018
442109,-4.008,2.349,-8.504,-0.014,0.009,-0.023
442211,-3.97,2.38,-8.576,-0.013,0.016,-0.026
442314,-4.013,2.349,-8.528,-0.011,0.014,-0.019
442417,-4.01,2.354,-8.516,-0.014,0.009,-0.017
442520,-4.001,2.373,-8.538,-0.011,0.01,-0.018
442623,-4.013,2.382,-8.535,-0.018,0.014,-0.017
442726,-4.003,2.406,-8.54,-0.023,0.011,-0.026
442829,-4.017,2.365,-8.547,-0.018,0.013,-0.027
442932,-4.005,2.373,-8.552,-0.019,0.013,-0.026
443035,-4.039,2.351,-8.48,-0.017,0.017,-0.012
443138,-3.991,2.413,-8.576,-0.01,0.009,-0.017
443241,-3.986,2.394,-8.533,-0.01,0.01,-0.023
443344,-4.005,2.399,-8.487,-0.014,0.017,-0.017
443447,-3.991,2.409,-8.511,-0.01,0.007,-0.017
443550,-4.003,2.394,-8.538,-0.017,0.008,-0.019
443653,-3.998,2.406,-8.531,-0.014,0.007,-0.023
443756,-4.001,2.394,-8.528,-0.011,0.01,-0.02
443859,-4.039,2.399,-8.473,-0.013,0.016,-0.015
443962,-3.989,2.404,-8.528,-0.011,0.006,-0.019
444065,-4.017,2.416,-8.528,-0.01,0.013,-0.019
444168,-4.027,2.421,-8.502,-0.012,0.007,-0.018
444271,-4.013,2.411,-8.519,-0.015,0.004,-0.019
444374,-4.025,2.411,-8.521,-0.016,0.009,-0.021
444477,-4.046,2.394,-8.504,-0.013,0.008,-0.023
444580,-4.049,2.392,-8.519,-0.017,0.007,-0.016
444683,-4.051,2.394,-8.487,-0.013,0.012,-0.018
444786,-4.01,2.413,-8.538,-0.007,0.02,-0.019
444889,-4.051,2.413,-8.502,-0.012,0.015,-0.022
444992,-4.034,2.392,-8.509,-0.015,0.009,-0.02
445095,-4.039,2.411,-8.511,-0.013,0.01,-0.02
445198,-4.039,2.418,-8.521,-0.013,0.012,-0.017
445301,-4.032,2.418,-8.514,-0.012,0.011,-0.019
445403,-4.039,2.425,-8.516,-0.013,0.01,-0.019
445506,-4.041,2.411,-8.519,-0.013,0.013,-0.019
445608,-4.029,2.418,-8.523,-0.014,0.017,-0.017
445711,-4.015,2.447,-8.535,-0.013,0.025,-0.022
445814,-4.029,2.392,-8.504,-0.01,0.015,-0.023
445917,-4.025,2.444,-8.523,-0.011,0.013,-0.015
446020,-4.058,2.399,-8.487,-0.01,0.021,-0.015
446123,-3.977,2.452,-8.533,0.007,0.02,-0.028
446226,-4.034,2.373,-8.502,-0.005,0.021,-0.025
446329,-4.008,2.404,-8.514,-0.002,0.024,-0.015
446431,-4.07,2.461,-8.368,0.027,0.05,-0.013
446534,-3.871,2.325,-8.657,0.024,0.029,-0.021
446637,-3.883,2.318,-8.602,-0.012,0.031,-0.025
446740,-3.95,2.274,-8.586,-0.029,0.033,-0.027
446842,-3.926,2.327,-8.602,-0.018,0.016,-0.03
446945,-3.903,2.334,-8.588,-0.013,0.013,-0.021
447047,-3.895,2.332,-8.583,-0.016,0.009,-0.018
447150,-3.912,2.387,-8.605,-0.011,0.027,-0.019
447253,-3.9,2.346,-8.578,-0.014,0.011,-0.023
447356,-3.9,2.325,-8.61,-0.012,0.014,-0.022
447458,-3.907,2.339,-8.593,-0.012,0.006,-0.018
447561,-3.924,2.342,-8.564,-0.01,0.005,-0.02
447663,-3.917,2.346,-8.6,-0.009,0.01,-0.019
447766,-3.926,2.337,-8.588,-0.013,0.011,-0.02
447868,-3.938,2.33,-8.588,-0.013,0.013,-0.022
447971,-3.938,2.32,-8.583,-0.015,0.01,-0.019
448073,-3.926,2.346,-8.598,-0.014,0.013,-0.018
448176,-3.917,2.344,-8.612,-0.007,0.02,-0.021
448278,-3.953,2.334,-8.547,-0.008,0.012,-0.021
448381,-3.912,2.354,-8.59,-0.011,0.011,-0.021
448483,-3.938,2.332,-8.607,-0.012,0.011,-0.022
448586,-3.919,2.346,-8.576,-0.015,0.01,-0.019
448688,-3.934,2.351,-8.574,-0.017,0.011,-0.022
448791,-3.941,2.334,-8.588,-0.01,0.006,-0.024
448893,-3.946,2.322,-8.571,-0.013,0.009,-0.017
448996,-3.931,2.37,-8.574,-0.013,0.015,-0.019
449099,-3.941,2.339,-8.569,-0.017,0.011,-0.023
449202,-3.931,2.358,-8.617,-0.001,0.024,-0.033
449305,-3.943,2.279,-8.576,-0.017,0.014,-0.022
449408,-3.91,2.344,-8.578,-0.015,0,-0.019
449510,-3.941,2.334,-8.576,-0.01,0.005,-0.018
449613,-3.95,2.363,-8.559,-0.015,0.005,-0.02
449715,-3.948,2.344,-8.583,-0.02,0.006,-0.023
449818,-3.946,2.351,-8.559,-0.017,0.01,-0.024
449921,-3.946,2.337,-8.552,-0.01,0.006,-0.017
450024,-3.946,2.368,-8.6,-0.009,0.02,-0.013
450127,-3.962,2.38,-8.526,-0.01,0.009,-0.023
450230,-3.96,2.351,-8.574,-0.021,0.01,-0.02
450333,-3.979,2.337,-8.574,-0.013,0.01,-0.017
450436,-3.979,2.346,-8.55,-0.007,0.009,-0.013
450539,-3.979,2.344,-8.552,-0.004,0.007,-0.012
450642,-4.01,2.356,-8.554,-0.003,-0.002,-0.011
450744,-4.31,2.444,-8.502,-0.123,-0.022,0.102
450847,-3.867,2.72,-8.471,-0.068,-0.004,0.05
450950,-4.017,2.641,-8.406,0.018,-0.033,-0.007
451053,-4.051,2.485,-8.42,0.027,-0.015,-0.055
451156,-3.953,2.468,-8.641,-0.003,-0.017,-0.082
451259,-4.087,2.365,-8.557,-0.042,-0.054,-0.036
451362,-4.168,2.662,-8.133,-0.009,-0.012,-0.049
451465,-4.331,2.337,-8.341,0.032,-0.018,-0.01
451568,-4.295,2.535,-8.349,0.04,-0.003,-0.011
451671,-4.156,2.555,-8.363,0.001,-0.011,-0.028
451774,-4.252,2.516,-8.37,0.011,-0.003,-0.009
451877,-4.324,2.468,-8.358,-0.028,0.003,-0.022
451979,-4.295,2.421,-8.396,-0.027,0.011,-0.017
452082,-4.154,2.521,-8.459,-0.01,0.026,-0.024
452185,-4.29,2.44,-8.356,0.032,0,-0.035
452288,-4.243,2.416,-8.404,0.026,0.044,-0.027
452391,-4.238,2.387,-8.435,0.048,0.075,-0.05
452494,-4.202,2.282,-8.526,0.01,0.041,-0.031
452597,-4.173,2.286,-8.483,-0.019,0.018,-0.037
452700,-4.204,2.279,-8.495,-0.063,0.006,-0.033
452802,-4.128,2.404,-8.456,-0.061,0.033,-0.053
452905,-4.13,2.346,-8.487,-0.021,0.032,-0.044
453008,-4.135,2.274,-8.528,-0.013,0.029,-0.023
453110,-4.123,2.274,-8.466,0.001,0.021,-0.017
453213,-4.087,2.318,-8.523,0.009,0.027,-0.025
453316,-4.147,2.325,-8.533,0.001,0.002,-0.015
453419,-4.142,2.306,-8.435,-0.013,-0.007,-0.009
453522,-4.147,2.318,-8.495,-0.009,0.014,-0.022
453625,-4.12,2.298,-8.507,-0.009,0.018,-0.027
453728,-4.104,2.284,-8.521,-0.007,0.009,-0.015
453831,-4.125,2.265,-8.509,-0.013,0.013,-0.019
453934,-4.156,2.289,-8.447,-0.003,0.02,-0.016
454037,-4.113,2.284,-8.521,-0.005,0.017,-0.016
454140,-4.154,2.258,-8.519,-0.009,-0.002,-0.013
454243,-4.159,2.205,-8.514,-0.038,-0.051,0.016
454345,-4.231,2.358,-8.461,-0.035,-0.036,0.011
454447,-4.214,2.387,-8.373,-0.034,-0.058,0.022
454550,-4.202,2.444,-8.413,-0.036,-0.057,0.011
454652,-4.367,2.497,-8.308,-0.04,-0.026,0.006
454754,-4.278,2.674,-8.329,-0.013,0.03,-0.025
454856,-4.286,2.44,-8.401,0.025,0.034,-0.047
454958,-4.307,2.433,-8.327,0.094,0.074,-0.036
455061,-4.3,2.222,-8.411,0.05,0.072,-0.025
455164,-4.235,2.224,-8.586,-0.003,0.015,-0.019
455266,-4.197,2.229,-8.521,-0.023,-0.004,0.005
455368,-4.221,2.313,-8.396,-0.018,0.006,-0.002
455471,-4.168,2.291,-8.519,-0.014,0.018,-0.009
455574,-4.19,2.354,-8.509,-0.011,0.044,-0.018
455677,-4.149,2.294,-8.44,-0.008,0.04,-0.024
455780,-4.19,2.294,-8.514,-0.002,0.035,-0.023
455882,-4.154,2.258,-8.507,-0.006,0.035,-0.019
455985,-4.147,2.265,-8.514,-0.005,0.023,-0.023
456088,-4.108,2.286,-8.504,-0.009,0.021,-0.015
456191,-4.096,2.284,-8.54,-0.012,0.018,-0.023
456293,-4.152,2.301,-8.444,-0.01,0.026,-0.021
456396,-4.101,2.267,-8.521,-0.012,0.022,-0.021
456498,-4.101,2.284,-8.523,-0.016,0.018,-0.021
456600,-4.108,2.286,-8.485,-0.018,0.015,-0.02
456703,-4.099,2.279,-8.521,-0.013,0.012,-0.018
456806,-4.082,2.298,-8.545,-0.007,0.01,-0.022
456909,-4.082,2.26,-8.528,-0.013,0.008,-0.018
457012,-4.116,2.339,-8.507,-0.01,0.022,-0.016
457115,-4.075,2.27,-8.521,-0.013,0.013,-0.018
457218,-4.096,2.296,-8.514,-0.016,0.013,-0.016
457320,-4.089,2.291,-8.521,-0.015,0.015,-0.016
457422,-4.096,2.306,-8.509,-0.01,0.009,-0.018
457525,-4.08,2.31,-8.533,-0.016,0.012,-0.017
457627,-4.077,2.322,-8.528,-0.016,0.014,-0.02
457730,-4.099,2.327,-8.509,-0.01,0.023,-0.015
457833,-4.063,2.296,-8.538,-0.013,0.014,-0.02
457935,-4.096,2.33,-8.511,-0.011,0.013,-0.019
458038,-4.08,2.318,-8.526,-0.012,0.013,-0.015
458141,-4.077,2.315,-8.497,-0.012,0.01,-0.018
458243,-4.089,2.303,-8.531,-0.013,0.014,-0.019
458345,-4.085,2.306,-8.509,-0.013,0.014,-0.018
458448,-4.096,2.298,-8.519,-0.013,0.011,-0.019
458551,-4.082,2.318,-8.538,-0.008,0.023,-0.019
458654,-4.08,2.296,-8.521,-0.01,0.015,-0.019
458757,-4.061,2.298,-8.528,-0.011,0.009,-0.019
458860,-4.094,2.313,-8.531,-0.011,0.014,-0.022
458963,-4.073,2.31,-8.528,-0.011,0.013,-0.019
459066,-4.08,2.296,-8.509,-0.011,0.014,-0.019
459168,-4.08,2.322,-8.535,-0.01,0.013,-0.02
459271,-4.08,2.308,-8.521,-0.011,0.012,-0.019
459373,-4.08,2.31,-8.521,-0.009,0.014,-0.017
459476,-4.075,2.308,-8.533,-0.01,0.014,-0.018
459578,-4.08,2.318,-8.528,-0.011,0.015,-0.02
459681,-4.111,2.274,-8.475,-0.008,0.023,-0.018
459783,-4.049,2.306,-8.538,-0.006,0.015,-0.019
459886,-4.061,2.284,-8.528,-0.007,0.014,-0.02
459989,-4.075,2.313,-8.528,-0.011,0.012,-0.017
460092,-4.073,2.289,-8.523,-0.013,0.01,-0.017
460195,-4.058,2.286,-8.538,-0.012,0.011,-0.016
460297,-4.058,2.291,-8.514,-0.014,0.011,-0.02
460400,-4.087,2.306,-8.528,-0.01,0.011,-0.019
460503,-4.08,2.294,-8.531,-0.014,0.011,-0.017
460606,-4.063,2.303,-8.535,-0.01,0.012,-0.018
460709,-4.068,2.327,-8.523,-0.006,0.021,-0.015
460812,-4.051,2.306,-8.504,-0.009,0.013,-0.02
460915,-4.061,2.294,-8.552,-0.012,0.013,-0.019
461018,-4.065,2.286,-8.535,-0.015,0.011,-0.018
461121,-4.077,2.301,-8.502,-0.012,0.008,-0.019
461223,-4.063,2.296,-8.545,-0.013,0.011,-0.019
461326,-4.073,2.291,-8.528,-0.014,0.012,-0.02
461429,-4.077,2.298,-8.538,-0.01,0.01,-0.019
461532,-4.085,2.289,-8.514,-0.011,0.012,-0.02
461634,-4.087,2.291,-8.516,-0.014,0.013,-0.019
461737,-4.058,2.301,-8.559,-0.006,0.021,-0.02
461840,-4.075,2.272,-8.55,-0.011,0.011,-0.02
461943,-4.058,2.286,-8.507,-0.007,0.007,-0.019
462045,-4.085,2.284,-8.545,-0.008,0.013,-0.019
462148,-4.063,2.289,-8.535,-0.009,0.01,-0.021
462250,-4.077,2.265,-8.533,-0.01,0.013,-0.02
462353,-4.061,2.286,-8.531,-0.009,0.015,-0.019
462456,-4.056,2.272,-8.526,-0.009,0.016,-0.018
462559,-4.058,2.279,-8.543,-0.009,0.013,-0.017
462661,-4.041,2.306,-8.554,-0.009,0.024,-0.016
462764,-4.049,2.274,-8.533,-0.011,0.012,-0.02
462867,-4.058,2.279,-8.543,-0.013,0.013,-0.019
462970,-4.056,2.272,-8.55,-0.013,0.011,-0.02
463073,-4.063,2.284,-8.523,-0.013,0.009,-0.019
463176,-4.07,2.291,-8.557,-0.012,0.01,-0.018
463278,-4.058,2.267,-8.533,-0.015,0.013,-0.019
463381,-4.077,2.274,-8.526,-0.011,0.011,-0.019
463484,-4.053,2.289,-8.531,-0.009,0.012,-0.02
463587,-4.037,2.306,-8.538,-0.008,0.024,-0.015
463689,-4.051,2.286,-8.54,-0.012,0.01,-0.018
463792,-4.07,2.27,-8.547,-0.01,0.013,-0.016
463895,-4.053,2.296,-8.562,-0.01,0.013,-0.015
463998,-4.051,2.277,-8.514,-0.011,0.009,-0.018
464100,-4.061,2.284,-8.54,-0.012,0.011,-0.019
464203,-4.063,2.279,-8.533,-0.012,0.011,-0.02
464305,-4.07,2.277,-8.521,-0.009,0.011,-0.019
464408,-4.073,2.277,-8.528,-0.009,0.011,-0.018
464510,-4.075,2.243,-8.523,-0.01,0.013,-0.018
464613,-4.058,2.274,-8.574,-0.008,0.019,-0.021
464715,-4.08,2.272,-8.545,-0.014,0.013,-0.022
464818,-4.056,2.263,-8.523,-0.015,0.008,-0.021
464921,-4.082,2.286,-8.571,-0.009,0.008,-0.03
465023,-4.034,2.241,-8.545,-0.001,0.017,-0.03
465126,-4.089,2.251,-8.531,-0.008,0.013,-0.026
465228,-4.082,2.212,-8.547,0.001,0.02,-0.023
465331,-4.051,2.198,-8.547,0.015,0.031,-0.034
465434,-3.979,2.246,-8.624,0.022,0.018,-0.047
465537,-4.085,2.143,-8.571,0.028,0.039,-0.011
465639,-4.063,2.143,-8.516,0.007,0.038,-0.02
465742,-3.977,2.138,-8.65,0.007,0.019,-0.035
465845,-3.972,2.114,-8.638,-0.002,0.009,-0.038
465948,-4.001,2.078,-8.578,-0.011,0.002,-0.026
466051,-4.061,2.073,-8.571,-0.019,0.013,-0.021
466153,-4.044,2.071,-8.602,-0.016,0.005,-0.008
466256,-4.065,2.066,-8.571,-0.004,0.014,0.004
466358,-4.013,2.145,-8.633,-0.013,0.008,-0.013
466461,-4.056,2.081,-8.569,-0.011,-0.001,-0.013
466564,-4.044,2.145,-8.612,-0.015,0.003,-0.015
466667,-4.068,2.09,-8.593,-0.018,0.007,-0.023
466770,-4.041,2.121,-8.581,-0.014,0.004,-0.016
466873,-4.073,2.121,-8.566,-0.016,0.011,-0.021
466976,-4.053,2.138,-8.617,-0.014,0.015,-0.023
467078,-4.082,2.09,-8.557,-0.017,0.013,-0.022
467180,-4.039,2.128,-8.6,-0.013,0.023,-0.021
467283,-4.058,2.124,-8.564,-0.014,0.013,-0.02
467386,-4.046,2.121,-8.571,-0.014,0.011,-0.021
467489,-4.053,2.128,-8.593,-0.008,0.012,-0.018
467592,-4.049,2.128,-8.581,-0.009,0.012,-0.017
467695,-4.051,2.131,-8.593,-0.009,0.015,-0.018
467798,-4.053,2.116,-8.574,-0.01,0.02,-0.018
467900,-4.044,2.114,-8.583,-0.009,0.024,-0.019
468003,-4.017,2.121,-8.602,-0.005,0.033,-0.014
468105,-4.022,2.1,-8.581,-0.009,0.014,-0.018
468207,-4.01,2.138,-8.614,-0.006,0.017,-0.022
468310,-4.008,2.105,-8.607,-0.01,0.015,-0.023
468413,-4.015,2.116,-8.602,-0.004,0.013,-0.021
468516,-3.996,2.088,-8.607,-0.003,0.013,-0.024
468619,-4.005,2.095,-8.593,-0.007,0.017,-0.025
468722,-4.003,2.069,-8.624,-0.011,0.016,-0.025
468825,-4.001,2.083,-8.571,-0.01,0.018,-0.028
468928,-3.965,2.112,-8.571,0.021,0.087,-0.049
469031,-3.924,2.011,-8.717,-0.008,0.033,-0.05
469134,-3.943,1.985,-8.633,-0.023,0.002,-0.039
469237,-3.984,1.994,-8.674,-0.017,0.004,-0.018
469339,-3.998,2.035,-8.633,-0.012,0.005,-0.012
469442,-3.95,2.059,-8.629,-0.011,0.009,-0.017
469544,-3.946,2.064,-8.643,-0.014,0.008,-0.017
469647,-3.953,2.045,-8.638,-0.019,0.007,-0.019
469749,-3.972,2.054,-8.65,-0.011,0.019,-0.015
469852,-3.972,2.057,-8.633,-0.009,0.008,-0.019
469954,-3.958,2.059,-8.643,-0.011,0.015,-0.018
470057,-3.953,2.069,-8.667,-0.011,0.016,-0.017
470159,-3.974,2.064,-8.624,-0.012,0.011,-0.018
470261,-3.97,2.049,-8.655,-0.013,0.011,-0.018
470363,-3.96,2.064,-8.626,-0.011,0.012,-0.019
470466,-3.977,2.069,-8.645,-0.01,0.011,-0.02
470568,-3.986,2.049,-8.622,-0.012,0.011,-0.019
470671,-3.977,2.037,-8.641,-0.012,0.014,-0.018
470774,-3.97,2.033,-8.648,-0.01,0.014,-0.019
470877,-3.946,2.037,-8.679,-0.007,0.024,-0.018
470980,-3.989,2.049,-8.619,-0.01,0.017,-0.014
471083,-3.965,2.078,-8.653,-0.01,0.015,-0.018
471185,-3.943,2.04,-8.672,-0.009,0.017,-0.021
471288,-3.958,2.057,-8.622,-0.011,0.017,-0.019
471390,-3.943,2.035,-8.65,-0.01,0.019,-0.018
471493,-3.929,2.061,-8.645,-0.01,0.011,-0.021
471595,-3.941,2.049,-8.653,-0.011,0.015,-0.019
471698,-3.936,2.071,-8.643,-0.014,0.011,-0.018
471800,-3.929,2.047,-8.665,-0.012,0.01,-0.019
471903,-3.941,2.081,-8.672,-0.008,0.021,-0.016
472005,-3.931,2.064,-8.629,-0.014,0.007,-0.02
472108,-3.955,2.049,-8.643,-0.015,0.01,-0.02
472210,-3.938,2.069,-8.636,-0.016,0.009,-0.019
472313,-3.953,2.071,-8.624,-0.013,0.003,-0.018
472415,-3.96,2.083,-8.65,-0.015,0.008,-0.019
472518,-3.96,2.052,-8.631,-0.013,0.01,-0.021
472620,-3.977,2.045,-8.643,-0.012,0.009,-0.019
472723,-3.974,2.071,-8.626,-0.01,0.01,-0.018
472825,-3.996,2.047,-8.61,-0.008,0.016,-0.016
472928,-3.943,2.054,-8.66,-0.015,0.011,-0.016
473030,-3.958,2.071,-8.622,-0.012,0.012,-0.02
473133,-3.986,2.042,-8.626,-0.01,0.01,-0.018
473235,-3.984,2.057,-8.626,-0.01,0.01,-0.02
473338,-3.974,2.052,-8.631,-0.011,0.012,-0.019
473440,-3.977,2.059,-8.629,-0.012,0.012,-0.019
473543,-3.982,2.066,-8.631,-0.01,0.013,-0.017
473645,-3.967,2.083,-8.626,-0.011,0.015,-0.018
473748,-4.003,2.052,-8.581,-0.004,0.026,-0.016
473850,-3.941,2.066,-8.672,-0.005,0.019,-0.02
473953,-3.958,2.042,-8.665,-0.009,0.018,-0.02
474055,-3.965,2.04,-8.614,-0.008,0.014,-0.015
474158,-3.953,2.061,-8.641,-0.006,0.013,-0.018
474260,-3.946,2.078,-8.657,-0.01,0.016,-0.019
474363,-3.926,2.047,-8.631,-0.011,0.015,-0.019
474465,-3.934,2.047,-8.669,-0.011,0.015,-0.018
474568,-3.941,2.023,-8.66,-0.015,0.01,-0.019
474670,-3.931,2.04,-8.662,-0.01,0.014,-0.019
474773,-3.948,2.054,-8.662,-0.014,0.012,-0.022
474876,-3.938,2.035,-8.619,-0.014,0.007,-0.022
474979,-3.955,2.052,-8.655,-0.012,0.008,-0.023
475082,-3.955,2.042,-8.665,-0.011,0.012,-0.019
475185,-3.953,2.049,-8.636,-0.011,0.009,-0.021
475288,-3.989,2.095,-8.636,-0.004,0.014,-0.031
475391,-3.862,2.009,-8.689,-0.007,0.021,-0.04
475493,-3.922,2.047,-8.696,-0.017,0.011,-0.026
475596,-3.994,2.085,-8.576,-0.028,-0.004,-0.025
475699,-3.986,2.045,-8.636,-0.03,0.027,-0.048
475802,-3.958,2.009,-8.645,-0.026,0.021,-0.039
475905,-3.984,2.081,-8.643,-0.014,0.01,-0.042
476008,-4.061,1.966,-8.669,0.002,-0.03,-0.08
476111,-3.996,2.133,-8.684,0.017,0.009,-0.078
476214,-4.123,1.927,-8.593,-0.016,-0.036,-0.105
476317,-4.175,1.879,-8.497,-0.035,-0.013,-0.118
476420,-4.168,1.901,-8.602,-0.041,0.022,-0.08
476523,-4.14,1.87,-8.681,0.008,-0.045,-0.027
476626,-4.204,1.805,-8.495,0.001,-0.046,-0.03
476729,-4.3,1.822,-8.49,-0.09,0.012,-0.043
476832,-4.262,1.908,-8.502,-0.103,0.052,-0.057
476934,-4.254,1.982,-8.55,-0.018,0.035,0.008
477037,-4.216,1.968,-8.487,0.012,0.047,0.015
477140,-4.166,1.923,-8.495,-0.034,0.112,0.027
477243,-4.118,2.004,-8.593,-0.067,0.182,0.058
477346,-3.831,2.198,-8.851,0.017,0.044,0.028
477449,-3.919,2.006,-8.54,0.041,0.03,0.013
477552,-3.864,1.994,-8.727,-0.051,0.066,-0.01
477655,-3.876,2.143,-8.653,-0.009,0.017,-0.005
477757,-3.867,2.033,-8.689,0.015,-0.015,0.005
477860,-3.926,1.968,-8.65,0.032,-0.006,0.038
477963,-3.922,1.978,-8.653,0.026,0.017,0.043
478066,-3.915,2.03,-8.667,0.022,0.016,0.035
478168,-3.761,2.04,-8.744,0.036,0.031,0.05
478271,-3.697,2.045,-8.873,0.073,-0.004,0.042
478374,-3.73,1.992,-8.703,0.084,-0.026,0.027
478477,-3.795,1.966,-8.741,0.025,0,0.016
478579,-3.819,1.951,-8.758,0,0.024,0.018
478682,-3.85,1.956,-8.65,-0.011,0.01,-0.01
478785,-3.809,1.882,-8.712,-0.039,0.014,-0.037
478888,-3.814,1.956,-8.763,-0.042,0.044,-0.027
478990,-3.74,1.927,-8.756,-0.034,0.003,-0.026
479093,-3.766,1.908,-8.741,-0.008,0.007,-0.019
479196,-3.812,1.925,-8.734,-0.026,0.018,-0.028
479299,-3.797,1.975,-8.727,-0.021,0.005,-0.02
479401,-3.783,1.966,-8.727,-0.021,0.006,-0.016
479504,-3.771,1.958,-8.734,-0.019,0.013,-0.021
